entity,n-revs
Build/Build.cs,36
Src/FluentAssertions/Collections/GenericCollectionAssertions.cs,35
Src/FluentAssertions/Specialized/AsyncFunctionAssertions.cs,25
Src/FluentAssertions/Common/TypeExtensions.cs,20
Src/FluentAssertions/Specialized/ExceptionAssertions.cs,18
Tests/FluentAssertions.Specs/Primitives/ObjectAssertionSpecs.cs,17
Tests/FluentAssertions.Equivalency.Specs/SelectionRulesSpecs.cs,16
Src/FluentAssertions/Specialized/GenericAsyncFunctionAssertions.cs,16
Src/FluentAssertions/Equivalency/SelfReferenceEquivalencyAssertionOptions.cs,16
Src/FluentAssertions/Collections/GenericDictionaryAssertions.cs,15
Tests/FluentAssertions.Specs/Specialized/TaskOfTAssertionSpecs.cs,14
Src/FluentAssertions/Primitives/StringAssertions.cs,13
Src/FluentAssertions/Formatting/DefaultValueFormatter.cs,13
Src/FluentAssertions/Specialized/ExecutionTimeAssertions.cs,13
Src/FluentAssertions/Primitives/TimeOnlyAssertions.cs,12
Tests/FluentAssertions.Specs/Primitives/DateTimeOffsetAssertionSpecs.cs,12
Src/FluentAssertions/Numeric/NumericAssertions.cs,12
Src/FluentAssertions/Specialized/TaskCompletionSourceAssertions.cs,12
Tests/FluentAssertions.Specs/Formatting/FormatterSpecs.cs,12
Src/FluentAssertions/Equivalency/EquivalencyValidator.cs,12
Src/FluentAssertions/Primitives/DateTimeOffsetAssertions.cs,12
Src/FluentAssertions/Primitives/DateTimeAssertions.cs,12
Tests/FluentAssertions.Specs/Specialized/TaskAssertionSpecs.cs,12
Src/FluentAssertions/AssertionExtensions.cs,12
Tests/FluentAssertions.Equivalency.Specs/CollectionSpecs.cs,12
Src/FluentAssertions/Equivalency/Steps/GenericDictionaryEquivalencyStep.cs,11
Src/FluentAssertions/Common/TypeMemberReflector.cs,11
Src/FluentAssertions/Primitives/SimpleTimeSpanAssertions.cs,11
Src/FluentAssertions/Types/TypeSelector.cs,11
Src/FluentAssertions/Equivalency/Steps/DictionaryInterfaceInfo.cs,11
Src/FluentAssertions/ObjectAssertionsExtensions.cs,11
Src/FluentAssertions/Primitives/ObjectAssertions.cs,11
Tests/FluentAssertions.Specs/Specialized/ExecutionTimeAssertionsSpecs.cs,11
Tests/FluentAssertions.Specs/Events/EventAssertionSpecs.cs,11
Tests/FluentAssertions.Specs/AssertionOptionsSpecs.cs,11
Tests/FluentAssertions.Specs/Primitives/TimeOnlyAssertionSpecs.cs,10
Src/FluentAssertions/Types/MethodInfoSelectorAssertions.cs,10
Src/FluentAssertions/Types/TypeSelectorAssertions.cs,10
Src/FluentAssertions/EventRaisingExtensions.cs,10
Src/FluentAssertions/Types/TypeAssertions.cs,10
Src/FluentAssertions/Primitives/BooleanAssertions.cs,10
Tests/FluentAssertions.Specs/Types/TypeSelectorSpecs.cs,10
Src/FluentAssertions/Execution/AssertionScope.cs,10
Src/FluentAssertions/Specialized/DelegateAssertions.cs,10
Src/FluentAssertions/CallerIdentifier.cs,10
Tests/FluentAssertions.Specs/Collections/GenericDictionaryAssertionSpecs.cs,9
Src/FluentAssertions/Formatting/Formatter.cs,9
Src/FluentAssertions/Xml/XElementAssertions.cs,9
Src/FluentAssertions/Collections/StringCollectionAssertions.cs,9
Src/FluentAssertions/Primitives/EnumAssertions.cs,9
Tests/FluentAssertions.Specs/Numeric/NumericAssertionSpecs.cs,9
Src/FluentAssertions/DataColumnCollectionAssertionExtensions.cs,9
Src/FluentAssertions/Types/PropertyInfoSelectorAssertions.cs,9
Tests/FluentAssertions.Specs/Exceptions/FunctionExceptionAssertionSpecs.cs,9
Tests/FluentAssertions.Specs/Primitives/DateTimeAssertionSpecs.cs,9
Src/FluentAssertions/Common/ReadOnlyNonGenericCollectionWrapper.cs,9
Src/FluentAssertions/Common/ExpressionExtensions.cs,9
Tests/FluentAssertions.Specs/Execution/CallerIdentifierSpecs.cs,8
Src/FluentAssertions/Primitives/DateOnlyAssertions.cs,8
Src/FluentAssertions/Common/Guard.cs,8
Tests/FluentAssertions.Specs/Types/MethodInfoSelectorSpecs.cs,8
Tests/FluentAssertions.Specs/Types/PropertyInfoSelectorAssertionSpecs.cs,8
Tests/FluentAssertions.Specs/Specialized/TaskCompletionSourceAssertionSpecs.cs,8
Src/FluentAssertions/Types/PropertyInfoSelector.cs,8
Src/FluentAssertions/AssertionOptions.cs,8
Tests/FluentAssertions.Equivalency.Specs/CyclicReferencesSpecs.cs,8
Src/FluentAssertions/Equivalency/Matching/MustMatchByNameRule.cs,8
Src/FluentAssertions/Equivalency/Steps/DataRowCollectionEquivalencyStep.cs,8
Src/FluentAssertions/Formatting/PredicateLambdaExpressionValueFormatter.cs,8
Src/FluentAssertions/Equivalency/Steps/DataRowEquivalencyStep.cs,8
Src/FluentAssertions/Specialized/AssemblyAssertions.cs,8
Src/FluentAssertions/Data/DataTableAssertions.cs,8
Tests/FluentAssertions.Specs/Exceptions/NotThrowSpecs.cs,8
Tests/FluentAssertions.Specs/Numeric/ComparableSpecs.cs,8
Src/FluentAssertions/Primitives/ReferenceTypeAssertions.cs,8
Tests/FluentAssertions.Equivalency.Specs/ExtensibilitySpecs.cs,8
Src/FluentAssertions/Equivalency/Steps/DataColumnEquivalencyStep.cs,8
Tests/Approval.Tests/ApiApproval.cs,7
Src/FluentAssertions/Primitives/GuidAssertions.cs,7
Src/FluentAssertions/Equivalency/INode.cs,7
Src/FluentAssertions/Numeric/ComparableTypeAssertions.cs,7
Tests/Benchmarks/UsersOfGetClosedGenericInterfaces.cs,7
Tests/FluentAssertions.Equivalency.Specs/DictionarySpecs.cs,7
Src/FluentAssertions/Data/DataRowAssertions.cs,7
Src/FluentAssertions/Data/DataSetAssertions.cs,7
Src/FluentAssertions/Equivalency/Matching/MappedMemberMatchingRule.cs,7
Src/FluentAssertions/Events/EventAssertions.cs,7
Src/FluentAssertions/Data/DataEquivalencyAssertionOptions.cs,7
Src/FluentAssertions/NumericAssertionsExtensions.cs,7
Tests/FluentAssertions.Specs/Execution/AssertionScopeSpecs.cs,7
Tests/FluentAssertions.Equivalency.Specs/DataTableSpecs.cs,7
Src/FluentAssertions/Types/MethodInfoSelector.cs,7
Tests/FluentAssertions.Specs/Primitives/DateOnlyAssertionSpecs.cs,7
Src/FluentAssertions/Equivalency/Ordering/PathBasedOrderingRule.cs,7
Tests/FluentAssertions.Specs/Primitives/EnumAssertionSpecs.cs,7
Src/FluentAssertions/Equivalency/Matching/MappedPathMatchingRule.cs,7
Tests/FluentAssertions.Specs/Primitives/SimpleTimeSpanAssertionSpecs.cs,7
Tests/FluentAssertions.Specs/Collections/GenericCollectionAssertionOfStringSpecs.cs,6
Tests/FluentAssertions.Equivalency.Specs/DataRowSpecs.cs,6
Src/FluentAssertions/Equivalency/Node.cs,6
Src/FluentAssertions/Equivalency/Matching/TryMatchByNameRule.cs,6
Src/FluentAssertions/DataTableCollectionAssertionExtensions.cs,6
Src/FluentAssertions/Collections/SubsequentOrderingAssertions.cs,6
Src/FluentAssertions/Primitives/StringWildcardMatchingValidator.cs,6
Src/FluentAssertions/CallerIdentification/MultiLineCommentParsingStrategy.cs,6
Src/FluentAssertions/Equivalency/Steps/DataSetEquivalencyStep.cs,6
Src/FluentAssertions/Execution/NSpecFramework.cs,6
Tests/FluentAssertions.Specs/Primitives/BooleanAssertionSpecs.cs,6
Src/FluentAssertions/Common/StringExtensions.cs,6
Src/FluentAssertions/StringBuilderExtensions.cs,6
Src/FluentAssertions/CallerIdentification/QuotesParsingStrategy.cs,6
Src/FluentAssertions/Equivalency/Steps/ConstraintEquivalencyStep.cs,6
Tests/FluentAssertions.Specs/Types/TypeSelectorAssertionSpecs.cs,6
Src/FluentAssertions/Equivalency/IEquivalencyAssertionOptions.cs,6
Src/FluentAssertions/Common/MemberPath.cs,6
Src/FluentAssertions/Specialized/FunctionAssertions.cs,6
Src/FluentAssertions/Types/PropertyInfoAssertions.cs,6
Build/Configuration.cs,6
Src/FluentAssertions/DataRowCollectionAssertionExtensions.cs,6
Src/FluentAssertions/Equivalency/Steps/DataTableEquivalencyStep.cs,6
Src/FluentAssertions/Primitives/DateTimeOffsetRangeAssertions.cs,6
Src/FluentAssertions/Common/Services.cs,6
Src/FluentAssertions/Xml/XDocumentAssertions.cs,6
Src/FluentAssertions/Data/DataColumnAssertions.cs,6
Tests/FluentAssertions.Specs/Exceptions/AsyncFunctionExceptionAssertionSpecs.cs,6
Src/FluentAssertions/Events/EventMonitor.cs,6
Tests/FluentAssertions.Specs/Primitives/StringComparisonSpecs.cs,6
Src/FluentAssertions/Equivalency/Execution/ObjectReference.cs,6
Tests/FluentAssertions.Equivalency.Specs/DataSpecs.cs,6
Src/FluentAssertions/CallerIdentification/SingleLineCommentParsingStrategy.cs,6
Src/FluentAssertions/Equivalency/ConversionSelector.cs,6
Tests/FluentAssertions.Specs/Xml/XElementAssertionSpecs.cs,6
Tests/FluentAssertions.Specs/Collections/CollectionAssertionSpecs.ContainInOrder.cs,5
Src/FluentAssertions/Equivalency/Steps/StructuralEqualityEquivalencyStep.cs,5
Tests/FluentAssertions.Equivalency.Specs/TypedDataSetSpecs.cs,5
Src/FluentAssertions/Formatting/MultidimensionalArrayFormatter.cs,5
Tests/FluentAssertions.Specs/Primitives/ReferenceTypeAssertionsSpecs.cs,5
Tests/FluentAssertions.Equivalency.Specs/MemberMatchingSpecs.cs,5
Src/FluentAssertions/Types/MethodInfoAssertions.cs,5
Src/FluentAssertions/Primitives/DateTimeRangeAssertions.cs,5
Src/FluentAssertions/Equivalency/Selection/SelectMemberByPathSelectionRule.cs,5
Src/FluentAssertions/Formatting/EnumerableValueFormatter.cs,5
Tests/FluentAssertions.Specs/Specialized/AssemblyAssertionSpecs.cs,5
Src/FluentAssertions/Primitives/NullableDateOnlyAssertions.cs,5
Src/FluentAssertions/Execution/GivenSelector.cs,5
Src/FluentAssertions/Types/MemberInfoAssertions.cs,5
Src/FluentAssertions/Execution/LateBoundTestFramework.cs,5
Src/FluentAssertions/Formatting/DateTimeOffsetValueFormatter.cs,5
Src/FluentAssertions/Common/MemberPathSegmentEqualityComparer.cs,5
Src/FluentAssertions/Formatting/XElementValueFormatter.cs,5
Src/FluentAssertions/Primitives/StringValidator.cs,5
Src/FluentAssertions/Primitives/NullableTimeOnlyAssertions.cs,5
Src/FluentAssertions/Equivalency/Field.cs,5
Src/FluentAssertions/Equivalency/IObjectInfo.cs,5
Src/FluentAssertions/Equivalency/MemberFactory.cs,5
Src/FluentAssertions/Specialized/DelegateAssertionsBase.cs,5
Tests/FluentAssertions.Specs/AssertionExtensionsSpecs.cs,5
Src/FluentAssertions/Equivalency/Selection/IncludeMemberByPredicateSelectionRule.cs,5
Tests/FluentAssertions.Equivalency.Specs/TestTypes.cs,5
Src/FluentAssertions/Specialized/FunctionAssertionHelpers.cs,5
Src/FluentAssertions/EquivalencyPlan.cs,5
Src/FluentAssertions/Equivalency/Steps/AutoConversionStep.cs,5
Src/FluentAssertions/Equivalency/MultiDimensionalArrayEquivalencyStep.cs,5
Tests/FluentAssertions.Equivalency.Specs/BasicSpecs.cs,5
Tests/FluentAssertions.Equivalency.Specs/DataColumnSpecs.cs,5
Src/FluentAssertions/Equivalency/Ordering/CollectionMemberObjectInfo.cs,4
Src/FluentAssertions/Formatting/TimeSpanValueFormatter.cs,4
Src/FluentAssertions/Equivalency/Steps/DataRelationEquivalencyStep.cs,4
Src/FluentAssertions/Execution/TestFrameworkProvider.cs,4
Src/FluentAssertions/Equivalency/Steps/ValueTypeEquivalencyStep.cs,4
Tests/FluentAssertions.Specs/AssertionExtensions.cs,4
Tests/FluentAssertions.Specs/Types/TypeAssertionSpecs.HaveExplicitMethod.cs,4
Tests/FluentAssertions.Specs/Xml/XDocumentAssertionSpecs.cs,4
Tests/FluentAssertions.Specs/Numeric/NullableNumericAssertionSpecs.cs,4
Tests/FluentAssertions.Specs/Xml/XmlElementAssertionSpecs.cs,4
Tests/FluentAssertions.Specs/Types/TypeAssertionSpecs.HaveExplicitProperty.cs,4
Src/FluentAssertions/Types/MethodBaseAssertions.cs,4
Tests/FluentAssertions.Specs/Execution/AssertionScope.ChainingApiSpecs.cs,4
Src/FluentAssertions/Specialized/NonGenericAsyncFunctionAssertions.cs,4
Tests/FluentAssertions.Specs/Types/TypeExtensionsSpecs.cs,4
Src/FluentAssertions/Equivalency/Property.cs,4
Src/FluentAssertions/Formatting/DictionaryValueFormatter.cs,4
Tests/Benchmarks/TypeMemberReflectorBenchmarks.cs,4
Src/FluentAssertions/Common/FullFrameworkReflector.cs,4
Src/FluentAssertions/Common/ICollectionWrapper.cs,4
Tests/FluentAssertions.Specs/Execution/AssertionScope.MessageFormatingSpecs.cs,4
Src/FluentAssertions/Execution/CollectingAssertionStrategy.cs,4
Src/FluentAssertions/Formatting/TimeOnlyValueFormatter.cs,4
Src/FluentAssertions/Formatting/FormattedObjectGraph.cs,4
Tests/FluentAssertions.Specs/Numeric/NumericDifferenceAssertionsSpecs.cs,4
Tests/FluentAssertions.Specs/Types/PropertyInfoAssertionSpecs.cs,4
Tests/FluentAssertions.Equivalency.Specs/DataSetSpecs.cs,4
Src/FluentAssertions/Xml/Equivalency/XmlReaderValidator.cs,4
Tests/FluentAssertions.Specs/Exceptions/InnerExceptionSpecs.cs,4
Tests/FluentAssertions.Specs/Common/TimeSpanExtensions.cs,4
Src/FluentAssertions/Equivalency/IEquivalencyValidationContext.cs,4
Src/FluentAssertions/Common/IntegerExtensions.cs,4
Tests/FluentAssertions.Specs/Types/PropertyInfoSelectorSpecs.cs,4
Tests/FluentAssertions.Specs/Primitives/GuidAssertionSpecs.cs,4
Src/FluentAssertions/Equivalency/Steps/EnumerableEquivalencyValidator.cs,4
Tests/FluentAssertions.Specs/Extensions/ObjectExtensionsSpecs.cs,4
Tests/FluentAssertions.Specs/Collections/CollectionAssertionSpecs.cs,4
Src/FluentAssertions/Specialized/ExecutionTime.cs,4
Src/FluentAssertions/Equivalency/Execution/CollectionMemberAssertionOptionsDecorator.cs,4
Tests/FluentAssertions.Specs/Specialized/DelegateAssertionSpecs.cs,4
Tests/FluentAssertions.Equivalency.Specs/EnumSpecs.cs,4
Src/FluentAssertions/Extensions/FluentDateTimeExtensions.cs,4
Src/FluentAssertions/Formatting/AttributeBasedFormatter.cs,4
Tests/FluentAssertions.Equivalency.Specs/MemberConversionSpecs.cs,4
Src/FluentAssertions/Common/Configuration.cs,4
Src/FluentAssertions/Collections/MaximumMatching/MaximumMatchingSolver.cs,4
Src/FluentAssertions/Execution/XUnit2TestFramework.cs,4
Src/FluentAssertions/Formatting/DateOnlyValueFormatter.cs,4
Src/FluentAssertions/Equivalency/Selection/IncludeMemberByPathSelectionRule.cs,4
Src/FluentAssertions/Numeric/NullableNumericAssertions.cs,4
Tests/FluentAssertions.Specs/Collections/CollectionAssertionSpecs.BeInAscendingOrder.cs,3
Tests/FluentAssertions.Specs/Collections/Data/DataRowCollectionAssertionSpecs.cs,3
Src/FluentAssertions/Data/IDataEquivalencyAssertionOptions.cs,3
Src/FluentAssertions/Formatting/FormattingOptions.cs,3
Tests/FluentAssertions.Specs/Execution/TestFrameworkProviderTests.cs,3
Tests/FluentAssertions.Specs/Types/TypeAssertionSpecs.HaveMethod.cs,3
Tests/FluentAssertions.Specs/Collections/Data/DataTableCollectionAssertionSpecs.cs,3
Src/FluentAssertions/Equivalency/Ordering/ByteArrayOrderingRule.cs,3
Src/FluentAssertions/Formatting/StringValueFormatter.cs,3
Src/FluentAssertions/DataTableAssertionExtensions.cs,3
Tests/FluentAssertions.Specs/Collections/GenericCollectionAssertionOfStringSpecs.AllSatisfy.cs,3
Src/FluentAssertions/Primitives/StringEqualityValidator.cs,3
Tests/FluentAssertions.Specs/Formatting/PredicateLambdaExpressionValueFormatterSpecs.cs,3
Tests/Benchmarks/CheckIfMemberIsBrowsable.cs,3
Src/FluentAssertions/Events/EventRecorder.cs,3
Tests/FluentAssertions.Specs/Collections/CollectionAssertionSpecs.AllBeAssignableTo.cs,3
Src/FluentAssertions/Equivalency/Steps/EnumEqualityStep.cs,3
Src/FluentAssertions/Primitives/NegatedStringStartValidator.cs,3
Tests/FluentAssertions.Specs/Collections/CollectionAssertionSpecs.OnlyHaveUniqueItems.cs,3
Src/FluentAssertions/Formatting/ExceptionValueFormatter.cs,3
Src/FluentAssertions/Equivalency/Ordering/PredicateBasedOrderingRule.cs,3
Src/FluentAssertions/CallerIdentification/AddNonEmptySymbolParsingStrategy.cs,3
Src/FluentAssertions/Streams/BufferedStreamAssertions.cs,3
Src/FluentAssertions/Equivalency/Tracing/Tracer.cs,3
Src/FluentAssertions/Specialized/ActionAssertions.cs,3
Src/FluentAssertions/Equivalency/Steps/GenericEnumerableEquivalencyStep.cs,3
Tests/FluentAssertions.Specs/Collections/CollectionAssertionSpecs.AllSatisfy.cs,3
Tests/FluentAssertions.Specs/Primitives/StringAssertionSpecs.MatchRegex.cs,3
Tests/FluentAssertions.Specs/Collections/CollectionAssertionSpecs.HaveCountGreaterThanOrEqualTo.cs,3
Tests/FluentAssertions.Specs/Collections/CollectionAssertionSpecs.Contain.cs,3
Src/FluentAssertions/TypeExtensions.cs,3
Src/FluentAssertions/Streams/StreamAssertions.cs,3
Src/FluentAssertions/Equivalency/Execution/CyclicReferenceDetector.cs,3
Src/FluentAssertions/SystemExtensions.cs,3
Tests/FluentAssertions.Equivalency.Specs/TypedDataTableSpecs.cs,3
Tests/Benchmarks/LargeDataTableEquivalency.cs,3
Src/FluentAssertions/Primitives/StringStartValidator.cs,3
Tests/FluentAssertions.Specs/Collections/CollectionAssertionSpecs.HaveCount.cs,3
Tests/FluentAssertions.Specs/Streams/StreamAssertionSpecs.cs,3
Src/FluentAssertions/Formatting/EnumValueFormatter.cs,3
Src/FluentAssertions/Equivalency/Comparands.cs,3
Src/FluentAssertions/Equivalency/Steps/EnumerableEquivalencyValidatorExtensions.cs,3
Src/FluentAssertions/Primitives/NullableDateTimeAssertions.cs,3
Tests/FluentAssertions.Specs/Formatting/MultidimensionalArrayFormatterSpecs.cs,3
Src/FluentAssertions/CallerIdentification/CallerStatementBuilder.cs,3
Tests/FluentAssertions.Specs/FakeClock.cs,3
Src/FluentAssertions/Common/Iterator.cs,3
Src/FluentAssertions/Execution/DefaultAssertionStrategy.cs,3
Tests/FluentAssertions.Equivalency.Specs/DataRelationSpecs.cs,3
Src/FluentAssertions/Equivalency/Steps/AssertionContext.cs,3
Tests/FluentAssertions.Specs/Collections/CollectionAssertionSpecs.ContainInConsecutiveOrder.cs,3
Src/FluentAssertions/DataSetAssertionExtensions.cs,3
Tests/FluentAssertions.Specs/Types/TypeAssertionSpecs.HaveProperty.cs,3
Tests/FluentAssertions.Specs/Collections/CollectionAssertionSpecs.HaveCountLessThanOrEqualTo.cs,3
Tests/FluentAssertions.Specs/Collections/CollectionAssertionSpecs.BeEmpty.cs,3
Tests/FluentAssertions.Specs/Collections/CollectionAssertionSpecs.AllBeOfType.cs,3
Tests/FluentAssertions.Specs/Collections/Data/DataColumnCollectionAssertionSpecs.cs,3
Src/FluentAssertions/Common/StopwatchTimer.cs,3
Src/FluentAssertions/Formatting/ValueFormatterAttribute.cs,3
Src/FluentAssertions/Equivalency/Execution/ObjectInfo.cs,3
Tests/FluentAssertions.Specs/Collections/CollectionAssertionSpecs.BeEquivalentTo.cs,3
Src/FluentAssertions/Equivalency/OrderingRuleCollection.cs,3
Src/FluentAssertions/CustomAssertionAttribute.cs,3
Src/FluentAssertions/Equivalency/EquivalencyAssertionOptions.cs,3
Src/FluentAssertions/Formatting/AggregateExceptionValueFormatter.cs,3
Src/FluentAssertions/Equivalency/Steps/ConstraintCollectionEquivalencyStep.cs,3
Src/FluentAssertions/Common/TimeOnlyExtensions.cs,3
Tests/Benchmarks/Program.cs,3
Tests/FluentAssertions.Specs/Primitives/StringAssertionSpecs.Be.cs,3
Src/FluentAssertions/Execution/MessageBuilder.cs,3
Src/FluentAssertions/Equivalency/Steps/AssertionResultSet.cs,3
Tests/FluentAssertions.Specs/OccurrenceConstraintSpecs.cs,3
Src/FluentAssertions/Primitives/NullableBooleanAssertions.cs,3
Src/FluentAssertions/Equivalency/Steps/DictionaryEquivalencyStep.cs,3
Tests/FluentAssertions.Specs/Exceptions/ExceptionAssertionSpecs.cs,3
Src/FluentAssertions/Equivalency/IMemberMatchingRule.cs,3
Src/FluentAssertions/Execution/IAssertionScope.cs,3
Src/FluentAssertions/Common/MethodInfoExtensions.cs,3
Src/FluentAssertions/DataRowAssertionExtensions.cs,3
Src/FluentAssertions/Equivalency/EquivalencyValidationContext.cs,3
Src/FluentAssertions/Xml/XmlElementAssertions.cs,3
Src/FluentAssertions/Formatting/Int16ValueFormatter.cs,2
Tests/FluentAssertions.Specs/Collections/CollectionAssertionSpecs.HaveCountGreaterThan.cs,2
Tests/FluentAssertions.Specs/Primitives/StringAssertionSpecs.ContainAny.cs,2
Tests/FluentAssertions.Specs/Types/MethodInfoSelectorAssertionSpecs.cs,2
Src/FluentAssertions/Numeric/NullableDecimalAssertions.cs,2
Src/FluentAssertions/Specialized/TaskCompletionSourceAssertionsBase.cs,2
Src/FluentAssertions/Primitives/HttpResponseMessageAssertions.cs,2
Tests/FluentAssertions.Specs/CultureAwareTesting/CulturedFactAttributeDiscoverer.cs,2
Src/FluentAssertions/Equivalency/Steps/EqualityComparerEquivalencyStep.cs,2
Tests/FluentAssertions.Specs/Collections/CollectionAssertionSpecs.NotContainItemsAssignableTo.cs,2
Src/FluentAssertions/Equivalency/Steps/ReferenceEqualityEquivalencyStep.cs,2
Tests/FluentAssertions.Specs/Types/TypeAssertionSpecs.HaveConstructor.cs,2
Src/FluentAssertions/Equivalency/Steps/XElementEquivalencyStep.cs,2
Src/FluentAssertions/Formatting/DoubleValueFormatter.cs,2
Src/FluentAssertions/Equivalency/Steps/XAttributeEquivalencyStep.cs,2
Tests/FluentAssertions.Specs/Exceptions/MiscellaneousExceptionSpecs.cs,2
Src/FluentAssertions/Xml/Equivalency/Node.cs,2
Src/FluentAssertions/Formatting/UInt64ValueFormatter.cs,2
Tests/FluentAssertions.Specs/Xml/XmlNodeFormatterSpecs.cs,2
Tests/Benchmarks/Issue1657.cs,2
Tests/FluentAssertions.Specs/Collections/GenericDictionaryAssertionSpecs.HaveCountLessThan.cs,2
Src/FluentAssertions/Equivalency/IAssertionContext.cs,2
Src/FluentAssertions/Formatting/Int64ValueFormatter.cs,2
Src/FluentAssertions/Primitives/NullableGuidAssertions.cs,2
Tests/FluentAssertions.Specs/Primitives/StringAssertionSpecs.EndWithEquivalentOf.cs,2
Tests/FluentAssertions.Specs/CultureAwareTesting/CulturedXunitTheoryTestCase.cs,2
Src/FluentAssertions/Common/EnumerableExtensions.cs,2
Src/FluentAssertions/Formatting/NullValueFormatter.cs,2
Tests/FluentAssertions.Specs/Collections/CollectionAssertionSpecs.BeSubsetOf.cs,2
Src/FluentAssertions/Execution/GivenSelectorExtensions.cs,2
Tests/FluentAssertions.Specs/FindAssembly.cs,2
Tests/FluentAssertions.Specs/Types/TypeAssertionSpecs.HaveDefaultConstructor.cs,2
Src/FluentAssertions/Formatting/Int32ValueFormatter.cs,2
Src/FluentAssertions/AndWhichConstraint.cs,2
Src/FluentAssertions/Formatting/ByteValueFormatter.cs,2
Src/FluentAssertions/Primitives/NullableEnumAssertions.cs,2
Tests/UWP.Specs/App.xaml.cs,2
Src/FluentAssertions/Formatting/SingleValueFormatter.cs,2
Src/FluentAssertions/Primitives/NullableDateTimeOffsetAssertions.cs,2
Src/FluentAssertions/Common/NullConfigurationStore.cs,2
Tests/FluentAssertions.Specs/Primitives/StringAssertionSpecs.ContainAll.cs,2
Tests/TestFrameworks/NSpec3.Net47.Specs/FrameworkSpecs.cs,2
Tests/FluentAssertions.Specs/Collections/CollectionAssertionSpecs.HaveSameCount.cs,2
Tests/FluentAssertions.Specs/CultureAwareTesting/CulturedTheoryAttribute.cs,2
Src/FluentAssertions/Numeric/DecimalAssertions.cs,2
Src/FluentAssertions/Equivalency/IMember.cs,2
Tests/FluentAssertions.Specs/Primitives/DateTimeOffsetAssertionSpecs.BeLessThan.cs,2
Tests/FluentAssertions.Specs/Xml/XmlNodeAssertionSpecs.cs,2
Tests/FluentAssertions.Specs/Collections/CollectionAssertionSpecs.ContainSingle.cs,2
Src/FluentAssertions/Primitives/NullableSimpleTimeSpanAssertions.cs,2
Tests/FluentAssertions.Specs/Collections/CollectionAssertionSpecs.ContainEquivalentOf.cs,2
Src/FluentAssertions/DoesNotReturnAttribute.cs,2
Tests/FluentAssertions.Specs/ExtensibilitySpecs.cs,2
Src/FluentAssertions/Disposable.cs,2
Tests/FluentAssertions.Specs/Xml/XDocumentFormatterSpecs.cs,2
Src/FluentAssertions/Equivalency/Steps/EnumerableEquivalencyStep.cs,2
Tests/Benchmarks/BeEquivalentToWithDeeplyNestedStructures.cs,2
Src/FluentAssertions/Specialized/MemberExecutionTime.cs,2
Src/FluentAssertions/Equivalency/Steps/XDocumentEquivalencyStep.cs,2
Tests/FluentAssertions.Equivalency.Specs/NestedPropertiesSpecs.cs,2
Src/FluentAssertions/Formatting/EnumerableExtensions.cs,2
Tests/FluentAssertions.Specs/Primitives/NullableGuidAssertionSpecs.cs,2
Src/FluentAssertions/Formatting/GuidValueFormatter.cs,2
Tests/FluentAssertions.Specs/Xml/XAttributeFormatterSpecs.cs,2
Tests/FluentAssertions.Specs/Collections/CollectionAssertionSpecs.StartWith.cs,2
Tests/FluentAssertions.Specs/Collections/CollectionAssertionSpecs.OnlyContain.cs,2
Src/FluentAssertions/CallerIdentification/ShouldCallParsingStrategy.cs,2
Src/FluentAssertions/Equivalency/Steps/StringEqualityEquivalencyStep.cs,2
Src/FluentAssertions/Common/ExceptionExtensions.cs,2
Src/FluentAssertions/Common/DictionaryHelpers.cs,2
Tests/FluentAssertions.Specs/Types/TypeAssertionSpecs.BeDecoratedWithOrInherit.cs,2
Tests/FluentAssertions.Specs/Types/MethodInfoAssertionSpecs.cs,2
Src/FluentAssertions/Common/PropertyInfoExtensions.cs,2
Tests/FluentAssertions.Specs/Collections/CollectionAssertionSpecs.HaveCountLessThan.cs,2
Src/FluentAssertions/Xml/Equivalency/XmlIterator.cs,2
Src/FluentAssertions/Equivalency/Steps/AssertionRuleEquivalencyStep.cs,2
Src/FluentAssertions/Equivalency/Selection/ExcludeNonBrowsableMembersRule.cs,2
Src/FluentAssertions/Execution/AssertionFailedException.cs,2
Src/FluentAssertions/Equivalency/NestedExclusionOptionBuilder.cs,2
Src/FluentAssertions/Equivalency/MemberVisibility.cs,2
Src/FluentAssertions/Execution/ContextDataItems.cs,2
Src/FluentAssertions/Formatting/XmlReaderValueFormatter.cs,2
Src/FluentAssertions/Equivalency/Selection/ExcludeMemberByPathSelectionRule.cs,2
Tests/FluentAssertions.Specs/Primitives/StringAssertionSpecs.Contain.cs,2
Src/FluentAssertions/Equivalency/MemberSelectionContext.cs,2
Tests/FluentAssertions.Specs/Primitives/StringAssertionSpecs.StartWith.cs,2
Tests/FluentAssertions.Specs/CultureAwareTesting/CulturedXunitTestCase.cs,2
Tests/FluentAssertions.Specs/AndWhichConstraintSpecs.cs,2
Src/FluentAssertions/StringSyntaxAttribute.cs,2
Tests/FluentAssertions.Specs/CultureAwareTesting/CulturedTheoryAttributeDiscoverer.cs,2
Src/FluentAssertions/Common/ObjectExtensions.cs,2
Tests/FluentAssertions.Specs/Types/TypeAssertionSpecs.Implement.cs,2
Src/FluentAssertions/Formatting/ExpressionValueFormatter.cs,2
Tests/FluentAssertions.Specs/Types/TypeAssertionSpecs.BeDecoratedWith.cs,2
Tests/FluentAssertions.Specs/Primitives/NullableSimpleTimeSpanAssertionSpecs.cs,2
Src/FluentAssertions/Equivalency/Selection/AllFieldsSelectionRule.cs,2
Src/FluentAssertions/Formatting/IValueFormatter.cs,2
Tests/FluentAssertions.Specs/UIFactsDefinition.cs,2
Tests/FluentAssertions.Specs/Execution/AssertionScope.ContextDataSpecs.cs,2
Src/FluentAssertions/AggregateExceptionExtractor.cs,2
Src/FluentAssertions/AsyncAssertionsExtensions.cs,2
Tests/FluentAssertions.Specs/Collections/CollectionAssertionSpecs.BeInDescendingOrder.cs,2
Tests/FluentAssertions.Specs/Xml/XAttributeAssertionSpecs.cs,2
Src/FluentAssertions/Equivalency/Steps/RunAllUserStepsEquivalencyStep.cs,2
Tests/FluentAssertions.Specs/Primitives/StringAssertionSpecs.BeOneOf.cs,2
Src/FluentAssertions/Formatting/SByteValueFormatter.cs,2
Src/FluentAssertions/Primitives/StringEqualityStrategy.cs,2
Tests/FluentAssertions.Equivalency.Specs/RecordSpecs.cs,2
Tests/Benchmarks/CollectionEqual.cs,2
Src/FluentAssertions/FluentActions.cs,2
Tests/FluentAssertions.Specs/Primitives/StringAssertionSpecs.Match.cs,2
Tests/FluentAssertions.Specs/Primitives/StringAssertionSpecs.MatchEquivalentOf.cs,2
Src/FluentAssertions/Events/IMonitor.cs,2
Tests/FluentAssertions.Equivalency.Specs/TupleSpecs.cs,2
Tests/FluentAssertions.Specs/Collections/CollectionAssertionSpecs.SatisfyRespectively.cs,2
Tests/FluentAssertions.Specs/ConfigurationSpecs.cs,2
Tests/FluentAssertions.Specs/Types/TypeAssertionSpecs.BeAssignableTo.cs,2
Tests/FluentAssertions.Specs/Exceptions/OuterExceptionSpecs.cs,2
Tests/FluentAssertions.Specs/Types/MethodBaseAssertionSpecs.cs,2
Tests/FluentAssertions.Specs/Collections/GenericDictionaryAssertionSpecs.HaveCountGreaterThanOrEqualTo.cs,2
Src/FluentAssertions/Formatting/UInt32ValueFormatter.cs,2
Tests/FluentAssertions.Specs/Extensions/TimeSpanConversionExtensionSpecs.cs,2
Tests/FluentAssertions.Specs/Primitives/NullableBooleanAssertionSpecs.cs,2
Src/FluentAssertions/Xml/XAttributeAssertions.cs,2
Tests/FluentAssertions.Specs/Primitives/StringAssertionSpecs.BeEquivalentTo.cs,2
Tests/FluentAssertions.Specs/Streams/BufferedStreamAssertionSpecs.cs,2
Tests/FluentAssertions.Specs/CultureAwareTesting/CulturedXunitTheoryTestCaseRunner.cs,2
Tests/FluentAssertions.Specs/Formatting/EnumerableExtensionsSpecs.cs,2
Tests/FluentAssertions.Specs/Primitives/StringAssertionSpecs.cs,2
Src/FluentAssertions/Execution/ContinuedAssertionScope.cs,2
Tests/FluentAssertions.Specs/Collections/CollectionAssertionSpecs.EndWith.cs,2
Tests/FluentAssertions.Specs/TestTimer.cs,2
Tests/FluentAssertions.Specs/Primitives/StringAssertionSpecs.StartWithEquivalentOf.cs,2
Tests/FluentAssertions.Specs/Collections/CollectionAssertionSpecs.ContainItemsAssignableTo.cs,2
Tests/Benchmarks/LargeObjectGraph.cs,2
Tests/FluentAssertions.Equivalency.Specs/MemberLessObjectsSpecs.cs,2
Src/FluentAssertions/Execution/Execute.cs,2
Tests/FluentAssertions.Equivalency.Specs/XmlSpecs.cs,2
Tests/FluentAssertions.Specs/Xml/XElementFormatterSpecs.cs,2
Tests/FluentAssertions.Specs/Formatting/TimeSpanFormatterSpecs.cs,2
Tests/FluentAssertions.Specs/Collections/GenericDictionaryAssertionSpecs.HaveCountLessThanOrEqualTo.cs,2
Src/FluentAssertions/Formatting/DecimalValueFormatter.cs,2
Src/FluentAssertions/Primitives/TimeSpanPredicate.cs,2
Tests/FluentAssertions.Specs/Execution/GivenSelectorSpecs.cs,2
Src/FluentAssertions/Equivalency/Steps/SimpleEqualityEquivalencyStep.cs,2
Tests/FluentAssertions.Specs/Collections/CollectionAssertionSpecs.NotContainNulls.cs,2
Tests/FluentAssertions.Specs/Collections/CollectionAssertionSpecs.Satisfy.cs,2
Src/FluentAssertions/Formatting/PropertyInfoFormatter.cs,2
Tests/FluentAssertions.Specs/Types/TypeAssertionSpecs.HaveExplicitConversionOperator.cs,2
Tests/FluentAssertions.Specs/Primitives/StringAssertionSpecs.ContainEquivalentOf.cs,2
Tests/FluentAssertions.Specs/Types/TypeAssertionSpecs.HaveImplicitConversionOperator.cs,2
Src/FluentAssertions/Equivalency/IEquivalencyStep.cs,2
Tests/FluentAssertions.Specs/Types/TypeAssertionSpecs.Be.cs,2
Src/FluentAssertions/Equivalency/Selection/AllPropertiesSelectionRule.cs,2
Src/FluentAssertions/Execution/ContinuationOfGiven.cs,2
Src/FluentAssertions/Formatting/UInt16ValueFormatter.cs,2
Src/FluentAssertions/CallerIdentification/SemicolonParsingStrategy.cs,2
Tests/FluentAssertions.Specs/Collections/GenericDictionaryAssertionSpecs.HaveCountGreaterThan.cs,2
Tests/FluentAssertions.Specs/Formatting/DateTimeOffsetValueFormatterSpecs.cs,2
Src/FluentAssertions/CallerIdentification/IParsingStrategy.cs,2
Tests/FluentAssertions.Specs/Types/TypeAssertionSpecs.HaveIndexer.cs,2
Tests/FluentAssertions.Specs/Primitives/StringAssertionSpecs.EndWith.cs,2
Tests/FluentAssertions.Specs/Extensions/FluentDateTimeSpecs.cs,2
Src/FluentAssertions/Data/RowMatchMode.cs,2
Tests/FluentAssertions.Specs/Collections/CollectionAssertionSpecs.Equal.cs,2
Src/FluentAssertions/Equivalency/EquivalencyStep.cs,2
Src/FluentAssertions/Formatting/XAttributeValueFormatter.cs,2
Src/FluentAssertions/Types/ConstructorInfoAssertions.cs,1
Src/FluentAssertions/Numeric/SingleAssertions.cs,1
Src/FluentAssertions/Common/IReflector.cs,1
Src/FluentAssertions/Events/OccurredEvent.cs,1
Tests/FluentAssertions.Specs/Collections/GenericCollectionAssertionOfStringSpecs.Equal.cs,1
Tests/FluentAssertions.Equivalency.Specs/SelectionRulesSpecs.Basic.cs,1
Tests/FluentAssertions.Specs/Primitives/DateOnlyAssertionSpecs.HaveDay.cs,1
Tests/FluentAssertions.Specs/Exceptions/ThrowAssertionsSpecs.cs,1
Tests/FluentAssertions.Specs/Primitives/DateOnlyAssertionSpecs.Be.cs,1
Src/FluentAssertions/Numeric/NullableDoubleAssertions.cs,1
Tests/TestFrameworks/NUnit4.Specs/FrameworkSpecs.cs,1
Tests/FluentAssertions.Specs/Collections/GenericDictionaryAssertionSpecs.HaveCount.cs,1
Src/FluentAssertions/Common/CSharpAccessModifierExtensions.cs,1
Tests/FluentAssertions.Extensibility.Specs/ExtensionAssemblyAttributeSpecs.cs,1
Src/FluentAssertions/Common/Clock.cs,1
Src/FluentAssertions/Formatting/FormatChild.cs,1
Src/FluentAssertions/Equivalency/EqualityStrategyProvider.cs,1
Tests/FluentAssertions.Specs/Primitives/DateTimeAssertionSpecs.BeCloseTo.cs,1
Tests/FluentAssertions.Specs/Numeric/NumericAssertionSpecs.Be.cs,1
Src/FluentAssertions/Formatting/MaxLinesExceededException.cs,1
Tests/FluentAssertions.Specs/Primitives/DateTimeAssertionSpecs.Be.cs,1
Tests/FluentAssertions.Specs/Primitives/DateTimeOffsetAssertionSpecs.HaveYear.cs,1
Tests/FluentAssertions.Specs/Primitives/TimeOnlyAssertionSpecs.BeAfter.cs,1
Tests/FluentAssertions.Specs/Types/TypeAssertionSpecs.BeAbstract.cs,1
Src/FluentAssertions/Extensibility/AssertionEngineInitializerAttribute.cs,1
Src/FluentAssertions/Collections/MaximumMatching/MaximumMatchingProblem.cs,1
Tests/FluentAssertions.Specs/Primitives/DateTimeAssertionSpecs.BeBefore.cs,1
Tests/FluentAssertions.Specs/Primitives/DateTimeAssertionSpecs.BeLessThan.cs,1
Src/FluentAssertions/Common/StartTimer.cs,1
Tests/TestFrameworks/MSTestV2.Specs/FrameworkSpecs.cs,1
Tests/FluentAssertions.Specs/Primitives/DateTimeOffsetAssertionSpecs.BeNull.cs,1
Tests/FluentAssertions.Specs/Extensions/FluentActionsSpecs.cs,1
Tests/FluentAssertions.Specs/Numeric/NumericAssertionSpecs.BeCloseTo.cs,1
Src/FluentAssertions/Equivalency/Tracing/StringBuilderTraceWriter.cs,1
Tests/FluentAssertions.Specs/Primitives/DateTimeOffsetAssertionSpecs.HaveDay.cs,1
Tests/FluentAssertions.Specs/Primitives/DateTimeOffsetAssertionSpecs.BeOnOrBefore.cs,1
Tests/ExampleExtensions/AssemblyInfo.cs,1
Tests/FluentAssertions.Equivalency.Specs/SelectionRulesSpecs.Including.cs,1
Tests/FluentAssertions.Specs/Primitives/DateOnlyAssertionSpecs.BeOneOf.cs,1
Src/FluentAssertions/Execution/Reason.cs,1
Tests/FluentAssertions.Specs/Primitives/DateTimeAssertionSpecs.BeWithin.cs,1
Tests/FluentAssertions.Specs/Primitives/DateTimeAssertionSpecs.BeSameDateAs.cs,1
Tests/FluentAssertions.Specs/Primitives/TimeOnlyAssertionSpecs.BeBefore.cs,1
Tests/FluentAssertions.Specs/TypeEnumerableExtensionsSpecs.cs,1
Tests/FluentAssertions.Specs/Exceptions/InvokingActionSpecs.cs,1
Tests/FluentAssertions.Specs/Collections/GenericDictionaryAssertionSpecs.Equal.cs,1
Src/FluentAssertions/Equivalency/IMemberSelectionRule.cs,1
Src/FluentAssertions/Common/ValueFormatterDetectionMode.cs,1
Tests/FluentAssertions.Specs/Types/TypeAssertionSpecs.cs,1
Tests/FluentAssertions.Specs/Exceptions/InvokingFunctionSpecs.cs,1
Tests/FluentAssertions.Equivalency.Specs/SelectionRulesSpecs.Excluding.cs,1
Tests/FluentAssertions.Specs/Collections/CollectionAssertionSpecs.BeNull.cs,1
Src/FluentAssertions/Numeric/NullableSingleAssertions.cs,1
Tests/FluentAssertions.Specs/Primitives/ObjectAssertionSpecs.BeXmlSerializable.cs,1
Src/FluentAssertions/Numeric/NullableUInt64Assertions.cs,1
Src/FluentAssertions/Events/EventMetadata.cs,1
Tests/FluentAssertions.Specs/Primitives/DateTimeOffsetAssertionSpecs.HaveSecond.cs,1
Src/FluentAssertions/Equivalency/OrderStrictness.cs,1
Tests/FluentAssertions.Specs/Numeric/NumericAssertionSpecs.BePositive.cs,1
Tests/FluentAssertions.Specs/Primitives/DateTimeOffsetAssertionSpecs.HaveValue.cs,1
Tests/FluentAssertions.Specs/Numeric/NullableNumericAssertionSpecs.BeGreaterThanOrEqualTo.cs,1
Src/FluentAssertions/AtLeast.cs,1
Tests/FluentAssertions.Specs/Collections/GenericCollectionAssertionOfStringSpecs.ContainMatch.cs,1
Src/FluentAssertions/Equivalency/SelfReferenceEquivalencyOptions.cs,1
Src/FluentAssertions/Collections/SortOrder.cs,1
Tests/FluentAssertions.Specs/Collections/CollectionAssertionSpecs.HaveElementAt.cs,1
Src/FluentAssertions/Numeric/UInt32Assertions.cs,1
Tests/FluentAssertions.Specs/Numeric/NullableNumericAssertionSpecs.Be.cs,1
Src/FluentAssertions/OccurrenceConstraint.cs,1
Src/FluentAssertions/Xml/XmlNodeAssertions.cs,1
Tests/TestFrameworks/MSpec.Specs/FrameworkSpecs.cs,1
Tests/FluentAssertions.Specs/Primitives/DateOnlyAssertionSpecs.BeBefore.cs,1
Src/FluentAssertions/Polyfill/StringBuilderExtensions.cs,1
Tests/FluentAssertions.Specs/Numeric/NullableNumericAssertionSpecs.BeNegative.cs,1
Tests/FluentAssertions.Specs/Primitives/DateTimeOffsetAssertionSpecs.BeSameDateAs.cs,1
Tests/AssemblyA/ClassA.cs,1
Src/FluentAssertions/Equivalency/IEquivalencyValidator.cs,1
Tests/FluentAssertions.Specs/Primitives/StringAssertionSpecs.BeNullOrEmpty.cs,1
Src/FluentAssertions/Types/AllTypes.cs,1
Src/FluentAssertions/Equivalency/EqualityStrategy.cs,1
Tests/FluentAssertions.Specs/Primitives/DateTimeAssertionSpecs.BeOnOrBefore.cs,1
Tests/FluentAssertions.Specs/Primitives/TimeOnlyAssertionSpecs.HaveMinutes.cs,1
Src/FluentAssertions/Exactly.cs,1
Tests/FluentAssertions.Specs/Primitives/DateTimeAssertionSpecs.BeOneOf.cs,1
Tests/FluentAssertions.Specs/Numeric/NumericAssertionSpecs.BeGreaterThanOrEqualTo.cs,1
Src/FluentAssertions/AndConstraint.cs,1
Tests/FluentAssertions.Specs/Primitives/StringAssertionSpecs.HaveLength.cs,1
Src/FluentAssertions/TypeEnumerableExtensions.cs,1
Tests/Benchmarks/HasValueSemanticsBenchmarks.cs,1
Tests/FluentAssertions.Specs/Numeric/NullableNumericAssertionSpecs.HaveValue.cs,1
Tests/FluentAssertions.Specs/Numeric/NumericAssertionSpecs.Match.cs,1
Src/FluentAssertions/Equivalency/IOrderingRule.cs,1
Src/FluentAssertions/Execution/FallbackTestFramework.cs,1
Src/FluentAssertions/Numeric/NullableUInt32Assertions.cs,1
Src/FluentAssertions/Numeric/NullableByteAssertions.cs,1
Src/FluentAssertions/Common/CSharpAccessModifier.cs,1
Tests/FluentAssertions.Specs/Collections/GenericDictionaryAssertionSpecs.HaveSameCount.cs,1
Src/FluentAssertions/LessThan.cs,1
Src/FluentAssertions/{ => Polyfill}/SystemExtensions.cs,1
Tests/FluentAssertions.Equivalency.Specs/SelectionRulesSpecs.Browsability.cs,1
Tests/FluentAssertions.Specs/Primitives/DateTimeAssertionSpecs.BeMoreThan.cs,1
Tests/FluentAssertions.Specs/Primitives/DateOnlyAssertionSpecs.HaveYear.cs,1
Src/FluentAssertions/Common/ConfigurationStoreExceptionInterceptor.cs,1
Tests/FluentAssertions.Specs/Types/TypeAssertionSpecs.BeStatic.cs,1
Tests/FluentAssertions.Specs/Numeric/NullableNumericAssertionSpecs.BeLessThan.cs,1
Tests/FluentAssertions.Specs/Primitives/DateTimeAssertionSpecs.HaveYear.cs,1
Tests/FluentAssertions.Specs/Common/MemberInfoExtensions.cs,1
Tests/UWP.Specs/UwpSpecs.cs,1
Src/FluentAssertions/Numeric/Int32Assertions.cs,1
Src/FluentAssertions/Equivalency/Tracing/GetTraceMessage.cs,1
Src/FluentAssertions/Events/EventHandlerFactory.cs,1
Src/FluentAssertions/Equivalency/Ordering/MatchAllOrderingRule.cs,1
Tests/FluentAssertions.Equivalency.Specs/DateTimePropertiesSpecs.cs,1
Tests/FluentAssertions.Specs/Collections/CollectionAssertionSpecs.IntersectWith.cs,1
Tests/FluentAssertions.Specs/Numeric/NullableNumericAssertionSpecs.BeLessThanOrEqualTo.cs,1
Src/FluentAssertions/Collections/SubsequentOrderingGenericCollectionAssertions.cs,1
Src/FluentAssertions/Common/IConfigurationStore.cs,1
Src/FluentAssertions/Equivalency/EquivalencyResult.cs,1
Src/FluentAssertions/Equivalency/Selection/MemberToMemberInfoAdapter.cs,1
Tests/FluentAssertions.Specs/Primitives/DateOnlyAssertionSpecs.HaveMonth.cs,1
Src/FluentAssertions/Collections/MaximumMatching/MaximumMatchingSolution.cs,1
Src/FluentAssertions/Execution/MSTestFrameworkV2.cs,1
Tests/FluentAssertions.Specs/Primitives/DateTimeOffsetAssertionSpecs.HaveHour.cs,1
Tests/FluentAssertions.Specs/Numeric/NullableNumericAssertionSpecs.Match.cs,1
Src/FluentAssertions/CallerIdentification/ParsingState.cs,1
Src/FluentAssertions/Execution/IAssertionStrategy.cs,1
Src/FluentAssertions/Collections/WhoseValueConstraint.cs,1
Tests/AssemblyB/ClassC.cs,1
Tests/FluentAssertions.Specs/Primitives/DateTimeAssertionSpecs.BeOnOrAfter.cs,1
Tests/FluentAssertions.Specs/Collections/GenericCollectionAssertionOfStringSpecs.BeEquivalentTo.cs,1
Src/FluentAssertions/Numeric/DoubleAssertions.cs,1
Tests/FluentAssertions.Specs/Primitives/DateTimeAssertionSpecs.BeNull.cs,1
Src/FluentAssertions/Equivalency/CyclicReferenceHandling.cs,1
Src/FluentAssertions/{Specialized => Types}/AssemblyAssertions.cs,1
Tests/FluentAssertions.Equivalency.Specs/SelectionRulesSpecs.Interfaces.cs,1
Src/FluentAssertions/Xml/XmlAssertionExtensions.cs,1
Tests/FluentAssertions.Specs/Primitives/TimeOnlyAssertionSpecs.BeOneOf.cs,1
Src/FluentAssertions/Extensions/FluentTimeSpanExtensions.cs,1
Tests/FluentAssertions.Specs/AssertionFailureSpecs.cs,1
Tests/FluentAssertions.Specs/Collections/GenericCollectionAssertionOfStringSpecs.BeSubsetOf.cs,1
Tests/FluentAssertions.Specs/Primitives/DateTimeAssertionSpecs.BeExactly.cs,1
Src/FluentAssertions/Execution/ITestFramework.cs,1
Tests/FluentAssertions.Specs/Collections/GenericCollectionAssertionOfStringSpecs.BeEmpty.cs,1
Tests/FluentAssertions.Specs/Primitives/ObjectAssertionSpecs.BeOfType.cs,1
Tests/FluentAssertions.Specs/Primitives/DateOnlyAssertionSpecs.BeAfter.cs,1
Src/FluentAssertions/Xml/Equivalency/AttributeData.cs,1
Tests/FluentAssertions.Specs/Numeric/NullableNumericAssertionSpecs.BeApproximately.cs,1
Tests/FluentAssertions.Specs/Primitives/DateTimeAssertionSpecs.HaveMonth.cs,1
Tests/FluentAssertions.Specs/Extensions/ObjectCastingSpecs.cs,1
Tests/FluentAssertions.Specs/Numeric/NullableNumericAssertionSpecs.BeGreaterThan.cs,1
Src/FluentAssertions/Primitives/StringStartStrategy.cs,1
Tests/FluentAssertions.Specs/Numeric/NumericAssertionSpecs.BeInRange.cs,1
Src/FluentAssertions/CallerIdentification/AwaitParsingStrategy.cs,1
Tests/FluentAssertions.Specs/Collections/GenericCollectionAssertionOfStringSpecs.HaveSameCount.cs,1
Tests/FluentAssertions.Specs/Numeric/NumericAssertionSpecs.BeNegative.cs,1
Tests/FluentAssertions.Specs/Primitives/DateTimeAssertionSpecs.BeAfter.cs,1
Tests/FluentAssertions.Equivalency.Specs/SelectionRulesSpecs.Accessibility.cs,1
Tests/FluentAssertions.Equivalency.Specs/ObjectReferenceSpecs.cs,1
Src/FluentAssertions/Events/RecordedEvent.cs,1
Tests/FluentAssertions.Specs/Primitives/TimeOnlyAssertionSpecs.HaveMilliseconds.cs,1
Tests/FluentAssertions.Specs/Types/TypeAssertionSpecs.BeDerivedFrom.cs,1
Tests/FluentAssertions.Specs/Primitives/DateTimeOffsetAssertionSpecs.HaveMinute.cs,1
Tests/FluentAssertions.Specs/Collections/CollectionAssertionSpecs.HaveElementPreceding.cs,1
Tests/FluentAssertions.Specs/Numeric/NumericAssertionSpecs.BeLessThanOrEqualTo.cs,1
Src/FluentAssertions/EnumAssertionsExtensions.cs,1
Src/FluentAssertions/Primitives/IStringComparisonStrategy.cs,1
Tests/FluentAssertions.Specs/Execution/IgnoringFailuresAssertionStrategy.cs,1
Tests/FluentAssertions.Specs/Primitives/DateTimeAssertionSpecs.HaveDay.cs,1
Src/FluentAssertions/Xml/Equivalency/Failure.cs,1
Tests/FluentAssertions.Specs/Primitives/DateTimeOffsetAssertionSpecs.BeAfter.cs,1
Tests/FluentAssertions.Specs/Collections/GenericCollectionAssertionOfStringSpecs.BeNull.cs,1
Tests/FluentAssertions.Specs/IsExternalInit.cs,1
Src/FluentAssertions/Formatting/XDocumentValueFormatter.cs,1
Src/FluentAssertions/Execution/ICloneable2.cs,1
Src/FluentAssertions/Equivalency/Selection/CollectionMemberSelectionRuleDecorator.cs,1
Src/FluentAssertions/Execution/NUnitTestFramework.cs,1
Tests/FluentAssertions.Specs/Collections/GenericCollectionAssertionOfStringSpecs.OnlyHaveUniqueItems.cs,1
Src/FluentAssertions/Common/IClock.cs,1
Tests/FluentAssertions.Specs/Primitives/ObjectAssertionSpecs.BeOneOf.cs,1
Tests/FluentAssertions.Specs/Primitives/ObjectAssertionSpecs.Be.cs,1
Tests/FluentAssertions.Specs/Collections/GenericDictionaryAssertionSpecs.Contain.cs,1
Tests/FluentAssertions.Specs/Primitives/DateTimeAssertionSpecs.HaveValue.cs,1
Tests/FluentAssertions.Specs/Collections/GenericDictionaryAssertionSpecs.ContainValue.cs,1
Tests/UWP.Specs/Properties/AssemblyInfo.cs,1
Src/FluentAssertions/Numeric/NullableInt32Assertions.cs,1
Tests/FluentAssertions.Specs/Primitives/DateTimeAssertionSpecs.HaveSecond.cs,1
Tests/FluentAssertions.Specs/Primitives/DateTimeOffsetAssertionSpecs.HaveOffset.cs,1
Tests/FluentAssertions.Specs/Numeric/NullableNumericAssertionSpecs.BeNull.cs,1
Tests/FluentAssertions.Specs/CultureAwareTesting/DictionaryExtensions.cs,1
Tests/FluentAssertions.Specs/Primitives/StringAssertionSpecs.BeUpperCased.cs,1
Tests/FluentAssertions.Specs/Primitives/DateTimeOffsetAssertionSpecs.BeCloseTo.cs,1
Src/FluentAssertions/Extensions/OccurrenceConstraintExtensions.cs,1
Tests/FluentAssertions.Specs/CultureAwareTesting/CulturedFactAttribute.cs,1
Tests/FluentAssertions.Specs/Collections/GenericCollectionAssertionOfStringSpecs.NotContainNulls.cs,1
Src/FluentAssertions/Events/FilteredEventRecording.cs,1
Tests/FluentAssertions.Specs/Specialized/ActionAssertionSpecs.cs,1
Src/FluentAssertions/Equivalency/Selection/ExcludeMemberByPredicateSelectionRule.cs,1
Src/FluentAssertions/Equivalency/SubjectInfoExtensions.cs,1
Src/FluentAssertions/AtMost.cs,1
Tests/FluentAssertions.Specs/Collections/CollectionAssertionSpecs.BeNullOrEmpty.cs,1
Tests/FluentAssertions.Specs/Primitives/DateTimeOffsetAssertionSpecs.BeExactly.cs,1
Tests/FluentAssertions.Specs/Execution/FallbackTestFrameworkTests.cs,1
Tests/FluentAssertions.Specs/Collections/GenericDictionaryAssertionSpecs.ContainKeys.cs,1
Tests/FluentAssertions.Specs/Collections/GenericCollectionAssertionOfStringSpecs.IntersectWith.cs,1
Src/FluentAssertions/Numeric/NullableSByteAssertions.cs,1
Tests/FluentAssertions.Specs/Primitives/TimeOnlyAssertionSpecs.HaveSeconds.cs,1
Tests/TestFrameworks/XUnit2.Specs/FrameworkSpecs.cs,1
Tests/Benchmarks/BeEquivalentTo.cs,1
Tests/FluentAssertions.Specs/Numeric/NullableNumericAssertionSpecs.BePositive.cs,1
Src/FluentAssertions/Equivalency/Ordering/CollectionMemberOrderingRuleDecorator.cs,1
Tests/FluentAssertions.Specs/Collections/GenericDictionaryAssertionSpecs.BeNull.cs,1
Src/FluentAssertions/Equivalency/GetSubjectId.cs,1
Tests/FluentAssertions.Equivalency.Specs/AssertionRuleSpecs.cs,1
Src/FluentAssertions/Common/AppSettingsConfigurationStore.cs,1
Src/FluentAssertions/Common/DateTimeExtensions.cs,1
Tests/FluentAssertions.Specs/Numeric/NumericAssertionSpecs.BeGreaterThan.cs,1
Src/FluentAssertions/Specialized/IExtractExceptions.cs,1
Tests/FluentAssertions.Specs/Numeric/NumericAssertionSpecs.BeApproximately.cs,1
Tests/FluentAssertions.Specs/Types/TypeAssertionSpecs.HaveAccessModifier.cs,1
Src/FluentAssertions/Events/ThreadSafeSequenceGenerator.cs,1
Tests/FluentAssertions.Specs/Collections/GenericCollectionAssertionOfStringSpecs.HaveElementAt.cs,1
Src/FluentAssertions/Formatting/TaskFormatter.cs,1
Tests/FluentAssertions.Specs/Common/ConfigurationSpecs.cs,1
Tests/AssemblyB/ClassB.cs,1
Src/FluentAssertions/Common/ITimer.cs,1
Tests/FluentAssertions.Specs/Primitives/TimeOnlyAssertionSpecs.Be.cs,1
Tests/FluentAssertions.Specs/Primitives/DateTimeOffsetAssertionSpecs.BeAtLeast.cs,1
Tests/FluentAssertions.Equivalency.Specs/SelectionRulesSpecs.Covariance.cs,1
Tests/TestFrameworks/NUnit3.Specs/FrameworkSpecs.cs,1
Src/FluentAssertions/MoreThan.cs,1
Tests/FluentAssertions.Specs/Collections/GenericCollectionAssertionOfStringSpecs.SatisfyRespectively.cs,1
Src/FluentAssertions/Numeric/Int16Assertions.cs,1
Tests/FluentAssertions.Specs/Primitives/DateTimeOffsetAssertionSpecs.BeOneOf.cs,1
Tests/FluentAssertions.Specs/Primitives/TimeOnlyAssertionSpecs.HaveHours.cs,1
Src/FluentAssertions/Execution/Continuation.cs,1
Src/FluentAssertions/Xml/XmlNodeFormatter.cs,1
Src/FluentAssertions/{ => Polyfill}/StringBuilderExtensions.cs,1
Tests/FluentAssertions.Equivalency.Specs/NonEquivalencySpecs.cs,1
Tests/FluentAssertions.Equivalency.Specs/SelectionRulesSpecs.MemberHiding.cs,1
Src/FluentAssertions/Numeric/SByteAssertions.cs,1
Src/FluentAssertions/Numeric/NullableUInt16Assertions.cs,1
Tests/FluentAssertions.Specs/Collections/GenericCollectionAssertionOfStringSpecs.ContainInOrder.cs,1
Tests/FluentAssertions.Specs/Collections/CollectionAssertionSpecs.HaveElementSucceeding.cs,1
Tests/FluentAssertions.Specs/Primitives/ObjectAssertionSpecs.BeDataContractSerializable.cs,1
Src/FluentAssertions/Primitives/TimeSpanCondition.cs,1
Tests/FluentAssertions.Specs/Collections/GenericDictionaryAssertionSpecs.ContainValues.cs,1
Tests/FluentAssertions.Specs/Primitives/ObjectAssertionSpecs.BeAssignableTo.cs,1
Src/FluentAssertions/Numeric/NullableInt64Assertions.cs,1
Src/FluentAssertions/Equivalency/Steps/EquivalencyValidationContextExtensions.cs,1
Tests/FluentAssertions.Extensibility.Specs/Usings.cs,1
Tests/FluentAssertions.Specs/Primitives/StringAssertionSpecs.BeEmpty.cs,1
Tests/FluentAssertions.Specs/Primitives/DateTimeAssertionSpecs.HaveMinute.cs,1
Tests/Benchmarks/NestedClass.cs,1
Src/FluentAssertions/Equivalency/Digit.cs,1
Src/FluentAssertions/Execution/MSpecFramework.cs,1
Tests/FluentAssertions.Specs/Primitives/DateTimeOffsetAssertionSpecs.Be.cs,1
Tests/FluentAssertions.Specs/Numeric/NumericAssertionSpecs.BeOneOf.cs,1
Src/FluentAssertions/Primitives/NegatedStringStartStrategy.cs,1
Tests/FluentAssertions.Specs/Primitives/DateTimeOffsetAssertionSpecs.BeMoreThan.cs,1
Tests/FluentAssertions.Specs/Primitives/ObjectAssertionSpecs.BeNull.cs,1
Tests/FluentAssertions.Specs/Collections/GenericDictionaryAssertionSpecs.ContainKey.cs,1
Src/FluentAssertions/Collections/MaximumMatching/Element.cs,1
Tests/FluentAssertions.Specs/Primitives/DateTimeOffsetAssertionSpecs.BeWithin.cs,1
Tests/FluentAssertions.Specs/Collections/GenericCollectionAssertionOfStringSpecs.Contain.cs,1
Src/FluentAssertions/Execution/FailReason.cs,1
Tests/FluentAssertions.Specs/Primitives/HttpResponseMessageAssertionSpecs.cs,1
Tests/FluentAssertions.Specs/Primitives/DateTimeOffsetAssertionSpecs.BeBefore.cs,1
Src/FluentAssertions/Numeric/UInt16Assertions.cs,1
Tests/FluentAssertions.Specs/Primitives/DateTimeAssertionSpecs.HaveHour.cs,1
Tests/FluentAssertions.Specs/Types/TypeAssertionSpecs.BeSealed.cs,1
Tests/FluentAssertions.Specs/Primitives/DateTimeAssertionSpecs.BeAtLeast.cs,1
Src/FluentAssertions/Equivalency/Tracing/ITraceWriter.cs,1
Tests/FluentAssertions.Specs/Primitives/TimeOnlyAssertionSpecs.BeCloseTo.cs,1
Tests/FluentAssertions.Specs/Specialized/AggregateExceptionAssertionSpecs.cs,1
Src/FluentAssertions/Equivalency/EnumEquivalencyHandling.cs,1
Src/FluentAssertions/Numeric/Int64Assertions.cs,1
Tests/FluentAssertions.Specs/Numeric/NullableNumericAssertionSpecs.BeInRange.cs,1
Src/FluentAssertions/ExceptionAssertionsExtensions.cs,1
Src/FluentAssertions/Numeric/ByteAssertions.cs,1
Src/FluentAssertions/CustomAssertionsAssemblyAttribute.cs,1
Src/FluentAssertions/Equivalency/IMemberInfo.cs,1
Tests/FluentAssertions.Specs/Primitives/StringAssertionSpecs.BeLowerCased.cs,1
Src/FluentAssertions/Numeric/NullableInt16Assertions.cs,1
Tests/FluentAssertions.Specs/Primitives/DateTimeOffsetAssertionSpecs.BeOnOrAfter.cs,1
Src/FluentAssertions/Events/IEventRecording.cs,1
Tests/FluentAssertions.Specs/Primitives/StringAssertionSpecs.BeNullOrWhiteSpace.cs,1
Tests/ExampleExtensions/StringAssertionExtensions.cs,1
Tests/FluentAssertions.Extensibility.Specs/AssertionEngineInitializer.cs,1
Src/FluentAssertions/Collections/MaximumMatching/Predicate.cs,1
Tests/FluentAssertions.Specs/Collections/GenericCollectionAssertionOfStringSpecs.HaveCount.cs,1
Src/FluentAssertions/{Xml => }/XmlAssertionExtensions.cs,1
Src/FluentAssertions/Formatting/FormattingContext.cs,1
Tests/FluentAssertions.Equivalency.Specs/IsExternalInit.cs,1
Tests/FluentAssertions.Specs/Numeric/NumericAssertionSpecs.BeLessThan.cs,1
Src/FluentAssertions/Numeric/UInt64Assertions.cs,1
Tests/FluentAssertions.Specs/Collections/GenericDictionaryAssertionSpecs.BeEmpty.cs,1
Tests/FluentAssertions.Specs/Primitives/DateTimeOffsetAssertionSpecs.HaveMonth.cs,1
Tests/FluentAssertions.Specs/Primitives/DateTimeAssertionSpecs.BeIn.cs,1
